Latitude,Longitude,Closest City Name,Closest Country Code,Temperature,Humidity,Cloudiness,Wind Speed
72.58000000000197,-22.570000000000157,illoqqortoormiut,gl,31.03,89,0,5.73
-88.77000000000024,-172.32999999999606,vaini,to,-59.33,0,24,13.44
8.85,-22.360000000000163,praia,cv,79.18,100,80,5.06
-20.300000000000207,103.92999999999722,carnarvon,au,73.24,100,0,1.48
0.62,7.79,port-gentil,ga,75.22,100,76,14.79
-76.05000000000277,95.56999999999888,albany,au,-56.36,0,12,14.56
67.0100000000011,122.89999999999942,zhigansk,ru,42.28,85,76,10.65
-23.04000000000015,69.48000000000148,grand river south east,mu,69.55,100,88,23.73
13.73,-78.40000000000231,san andres,co,82.87,95,24,22.62
66.77000000000106,63.530000000000555,yeletskiy,ru,48.76,98,0,2.71
-77.57000000000247,-24.100000000000126,ushuaia,ar,-51.41,0,0,4.72
71.04000000000173,123.46999999999932,zhigansk,ru,38.68,89,32,11.77
36.81999999999985,-22.310000000000166,vila franca do campo,pt,69.91,100,48,18.48
36.13999999999987,-108.4400000000023,farmington,us,88.18,29,64,4.72
74.33000000000224,100.92999999999782,khatanga,ru,35.53,86,48,8.75
-78.72000000000224,-135.58999999999264,rikitea,pf,-26.48,34,0,14.56
70.47000000000163,-27.910000000000046,illoqqortoormiut,gl,28.87,87,12,0.92
2.06,156.01000000000306,namatanai,pg,79.9,100,48,7.96
37.76999999999983,-18.380000000000248,camacha,pt,67.93,100,8,14.67
-54.09999999999908,72.63000000000197,souillac,mu,33.01,100,36,48.34
-52.25999999999879,0.7000000000000001,cape town,za,32.56,100,76,23.73
11.42,-143.01999999999643,hilo,us,80.26,100,92,17.81
-21.240000000000187,90.53999999999989,bengkulu,id,70.45,100,92,8.52
-77.58000000000247,-107.66000000000246,punta arenas,cl,-4.52,65,64,18.7
65.91000000000092,-136.6699999999932,mayo,ca,54.7,98,48,3.38
-19.72000000000022,155.54000000000283,yeppoon,au,74.23,99,88,9.19
-49.69999999999839,11.8,hermanus,za,35.08,100,20,39.06
1.27,122.0699999999996,gorontalo,id,81.07,100,12,6.06
10.93,-106.49000000000268,lazaro cardenas,mx,81.25,100,68,12.44
42.539999999999736,-138.0699999999939,port hardy,ca,59.47,100,0,10.76
-84.31000000000114,151.950000000001,bluff,nz,-36.56,0,0,29.1
-46.36999999999787,-141.25999999999553,rikitea,pf,49.21,96,92,27.76
2.22,-24.37000000000012,bubaque,gw,77.11,100,8,14
40.229999999999784,-78.28000000000233,altoona,us,80.44,51,1,16.11
-59.139999999999866,101.0499999999978,busselton,au,30.85,100,88,15.68
14.16,93.93999999999922,labutta,mm,78.73,100,88,21.27
-76.58000000000267,-143.7599999999968,mataura,pf,-24.95,32,0,12.44
-83.39000000000132,4.25,hermanus,za,-78.05,0,0,19.26
34.7499999999999,100.96999999999781,xining,cn,33.01,85,0,0.47
10.33,-81.84000000000162,bocas del toro,pa,77.11,100,92,10.2
31.24999999999997,100.82999999999785,yaan,cn,45.43,100,92,2.04
-47.679999999998074,-149.1899999999996,mataura,pf,48.67,98,92,36.15
-53.20999999999894,-117.73000000000044,rikitea,pf,43.72,90,92,28.54
-82.17000000000155,-118.35000000000034,punta arenas,cl,-13.07,34,8,19.04
-84.86000000000102,151.52000000000078,bluff,nz,-36.56,0,0,29.1
39.5099999999998,33.50999999999993,keskin,tr,69.55,53,64,5.5
-85.83000000000084,125.71999999999886,new norfolk,au,-58.88,0,20,24.74
-45.21999999999769,121.5199999999997,albany,au,50.2,94,76,22.17
-81.18000000000175,-57.14999999999955,ushuaia,ar,-31.43,0,32,16.46
37.14999999999985,33.08999999999993,karaman,tr,65.59,74,32,2.04
3.38,-178.06999999999903,vaitupu,wf,84.22,100,92,11.54
31.36999999999997,-51.48999999999867,saint george,bm,78.28,100,92,17.13
-76.4000000000027,-114.77000000000103,punta arenas,cl,-9.65,69,64,10.65
10.870000000000001,158.84000000000452,kavieng,pg,84.4,98,76,7.07
10.42,6.91,kaduna,ng,69.91,98,56,4.72
63.15000000000049,14.36,ostersund,se,66.2,72,0,17.22
63.78000000000059,104.20999999999717,vanavara,ru,45.25,58,0,7.63
39.0599999999998,91.29999999999974,hami,cn,34.72,76,0,1.92
-16.130000000000294,4.37,namibe,ao,66.67,100,0,12.55
-84.89000000000101,-84.23000000000116,ushuaia,ar,-34.22,0,0,22.28
-84.34000000000113,-29.640000000000008,ushuaia,ar,-50.87,0,0,23.29
34.809999999999896,-28.49000000000003,ribeira grande,pt,72.97,100,80,20.15
-18.900000000000237,127.85999999999844,kununurra,au,53.8,32,0,11.54
-53.179999999998934,14.36,hermanus,za,29.5,100,92,4.38
35.65999999999988,-113.9800000000012,kingman,us,93.2,30,1,10.29
-26.74000000000007,-23.48000000000014,vila velha,br,65.41,100,12,23.06
63.46000000000054,41.369999999999756,kholmogory,ru,72.34,56,24,6.62
-59.65999999999995,-28.290000000000035,chuy,uy,16.27,88,88,17.47
10.49,159.87000000000506,butaritari,ki,83.95,100,76,5.5
39.569999999999794,-178.7899999999994,provideniya,ru,67.75,100,36,4.5
-88.24000000000035,-112.49000000000149,punta arenas,cl,-57.35,0,24,17.25
-48.86999999999826,-105.76000000000283,castro,cl,44.8,98,68,26.53
-17.530000000000264,33.659999999999926,tete,mz,55.15,95,0,7.18
35.81999999999988,-175.1299999999975,kapaa,us,69.19,100,56,11.1
5.14,-81.66000000000166,la palma,pa,78.1,100,92,13.67
-51.049999999998604,150.2100000000001,hobart,au,41.02,100,44,26.64
2.87,-137.16999999999342,atuona,pf,76.12,100,92,8.19
-87.13000000000056,-26.590000000000074,ushuaia,ar,-66.17,0,0,24.18
-48.07999999999814,-58.0799999999997,rawson,ar,43,97,92,17.02
-88.78000000000024,92.11999999999958,albany,au,-64.55,0,20,15.12
-84.13000000000116,-80.77000000000183,ushuaia,ar,-34.4,0,0,28.1
69.50000000000148,123.40999999999931,zhigansk,ru,41.47,87,0,3.38
-15.48000000000031,154.69000000000239,samarai,pg,77.11,100,88,13
-84.38000000000112,68.83000000000138,taolanaro,mg,-75.08,0,0,15.57
44.0699999999997,-146.8899999999984,kodiak,us,60.64,97,0,12.55
-81.53000000000168,69.50000000000148,taolanaro,mg,-68.15,0,8,17.25
-16.210000000000292,-50.62999999999853,itapirapua,br,80.44,33,0,5.17
37.08999999999985,1.59,medea,dz,77.56,96,100,13.78
4.41,-22.48000000000016,bubaque,gw,77.92,100,100,10.42
64.06000000000063,-118.08000000000038,hay river,ca,64.4,77,40,14.67
-24.580000000000116,-80.4700000000019,taltal,cl,61.18,100,0,20.27
-81.9600000000016,-48.06999999999813,ushuaia,ar,-33.5,0,0,14
-23.750000000000135,-172.209999999996,vaini,to,69.82,100,0,13
1.4000000000000001,9.16,mbini,gq,76.93,100,88,14.23
-45.04999999999767,-76.23000000000275,castro,cl,49.3,99,76,18.48
-85.04000000000099,-58.069999999999695,ushuaia,ar,-34.49,51,64,27.31
3.63,-175.1099999999975,vaitupu,wf,83.23,100,68,13.11
5.76,-144.139999999997,atuona,pf,81.97,100,36,10.2
34.11999999999991,2.9,aflu,dz,102.2,14,20,13.87
10.93,-26.35000000000008,sao filipe,cv,78.82,100,24,5.73
61.16000000000018,164.34000000000734,tilichiki,ru,56.23,97,92,12.66
2.54,-146.7299999999983,atuona,pf,80.35,100,36,11.77
9.0,159.64000000000493,butaritari,ki,84.22,100,88,5.5
-24.100000000000126,-18.230000000000253,jamestown,sh,71.08,99,76,20.27
73.12000000000205,-116.4600000000007,yellowknife,ca,38.05,69,76,24.85
-15.350000000000312,-105.66000000000285,puerto ayora,ec,72.16,100,68,19.26
1.09,-83.53000000000128,manta,ec,74.5,100,64,14.23
64.35000000000068,-86.29000000000073,attawapiskat,ca,52.9,65,0,15.01
-59.59999999999994,160.3100000000053,bluff,nz,32.11,100,76,23.85
-78.72000000000224,7.54,hermanus,za,-67.43,0,8,14.45
0.22,-118.19000000000037,atuona,pf,76.48,100,48,14.23
-54.81999999999919,-47.57999999999806,mar del plata,ar,34.81,97,0,11.77
-89.04000000000019,124.63999999999908,new norfolk,au,-59.87,0,24,10.2
-79.08000000000217,-84.5000000000011,ushuaia,ar,-24.95,64,68,5.17
-17.610000000000262,-145.01999999999745,tautira,pf,79.18,100,12,21.5
-24.30000000000012,-176.2599999999981,vaini,to,68.2,100,0,9.53
64.82000000000076,97.97999999999841,tura,ru,37.15,70,0,6.73
4.73,68.79000000000137,eydhafushi,mv,79.9,100,64,17.81
-22.56000000000016,13.24,henties bay,na,60.73,93,0,15.46
-77.71000000000245,-108.70000000000225,punta arenas,cl,-5.33,67,64,17.13
-49.769999999998404,-49.63999999999838,mar del plata,ar,38.5,96,68,23.62
37.81999999999984,-82.95000000000141,ashland,us,78.8,74,1,4.72
-21.93000000000017,-168.49999999999412,alofi,nu,72.52,100,0,12.21
-86.73000000000064,-116.90000000000062,punta arenas,cl,-42.05,0,44,25.64
30.869999999999983,63.630000000000564,rudbar,af,75.49,21,0,3.49
6.5600000000000005,30.319999999999993,yirol,sd,69.91,91,0,2.71
-22.690000000000154,-111.25000000000173,rikitea,pf,70.9,100,8,18.03
-83.9800000000012,2.15,hermanus,za,-77.33,0,0,20.6
-56.54999999999946,162.09000000000617,bluff,nz,36.61,100,12,22.62
11.27,-57.749999999999645,oistins,bb,81.16,99,12,18.7
-27.330000000000055,97.88999999999842,carnarvon,au,64.78,100,0,19.82
43.139999999999716,-107.28000000000253,casper,us,90.61,11,0,6.73
-45.03999999999766,100.079999999998,busselton,au,44.35,100,56,34.25
70.16000000000159,-82.15000000000157,clyde river,ca,60.37,40,0,12.77
-45.8899999999978,-179.88999999999993,vaini,to,51.73,95,12,21.83
-50.57999999999853,2.35,cape town,za,33.91,100,48,23.29
73.09000000000205,10.31,gravdal,no,46.78,94,92,14.12
33.45999999999992,-175.36999999999762,kapaa,us,71.71,100,76,16.24
-76.82000000000262,64.00000000000063,taolanaro,mg,-28.55,31,44,20.49
-83.38000000000132,-174.64999999999725,vaini,to,5.83,72,8,34.81
-84.36000000000112,9.8,hermanus,za,-76.79,0,0,18.59
-76.52000000000268,34.069999999999915,port elizabeth,za,-102.44,0,0,3.15
72.790000000002,38.13999999999983,tumannyy,ru,51.73,85,0,15.79
9.72,132.60999999999748,meyungs,pw,79.9,100,80,16.02
5.22,40.49999999999977,kibre mengist,et,69.64,60,68,7.96
-18.34000000000025,-45.959999999997805,presidente olegario,br,71.35,57,0,3.15
41.04999999999976,67.6900000000012,chardara,kz,74.95,37,0,9.08
-16.890000000000278,-172.7699999999963,hihifo,to,79.18,100,0,14.56
36.769999999999854,153.05000000000155,sentyabrskiy,ru,77.38,95,48,8.97
36.539999999999864,-137.20999999999344,fortuna,us,65.5,100,56,18.48
34.949999999999896,151.2000000000006,nemuro,jp,81.52,97,48,12.66
-18.460000000000246,8.94,namibe,ao,65.86,100,12,15.57
32.06999999999996,-86.06000000000078,troy,us,88.7,55,40,5.82
13.67,-136.84999999999326,hilo,us,77.47,100,100,6.73
-59.62999999999994,35.29999999999988,port alfred,za,30.85,99,88,12.1
68.69000000000136,42.12999999999974,ostrovnoy,ru,55.96,79,0,16.02
-15.160000000000316,-49.17999999999831,goianesia,br,77.38,40,0,4.94
68.58000000000135,68.9200000000014,aksarka,ru,52,48,64,4.94
-80.55000000000189,-88.53000000000029,punta arenas,cl,-31.79,42,48,15.01
-26.630000000000074,-147.2399999999986,mataura,pf,70.45,99,68,4.5
32.709999999999944,162.5000000000064,sentyabrskiy,ru,77.02,99,76,14.23
13.0,61.13000000000018,salalah,om,79.45,95,88,36.26
-58.57999999999978,-142.43999999999613,mataura,pf,29.68,100,64,16.46
63.76000000000059,134.90999999999704,khandyga,ru,54.7,81,0,2.04
-49.61999999999838,-27.900000000000045,cidreira,br,36.07,99,0,26.19
-77.10000000000257,10.64,hermanus,za,-63.2,0,12,15.79
-20.18000000000021,154.3300000000022,yeppoon,au,73.33,100,88,6.4
-46.34999999999786,-141.68999999999573,rikitea,pf,49.48,96,56,26.75
-20.5300000000002,154.94000000000253,yeppoon,au,73.15,100,92,7.07
35.099999999999895,-48.40999999999819,torbay,ca,79.09,99,32,16.24
-19.66000000000022,-21.660000000000178,georgetown,sh,71.62,100,0,6.17
-58.1099999999997,98.62999999999829,busselton,au,30.4,100,76,9.75
73.4000000000021,-118.26000000000035,yellowknife,ca,36.34,75,92,25.08
41.82999999999975,-114.34000000000113,twin falls,us,91.6,13,0,4.61
11.35,-166.7199999999932,kapaa,us,80.53,100,12,1.7
10.69,-48.88999999999827,sinnamary,gf,78.91,100,24,15.79
73.94000000000219,12.040000000000001,barentsburg,sj,45.88,96,92,13.67
-46.82999999999794,39.569999999999794,east london,za,46.42,80,92,33.24
6.98,-78.61000000000226,jaque,pa,77.38,100,92,7.74
65.0800000000008,-46.64999999999792,paamiut,gl,29.77,100,92,4.61
43.949999999999704,96.67999999999867,hami,cn,58.84,48,0,7.18
-56.579999999999465,-46.13999999999783,mar del plata,ar,33.55,95,80,13.11
-59.64999999999995,35.38999999999989,port alfred,za,30.85,99,88,12.1
-26.950000000000067,-76.4000000000027,vallenar,cl,58.75,100,0,21.61
-77.57000000000247,90.03999999999999,busselton,au,-44.39,0,44,19.48
-80.64000000000186,95.08999999999898,albany,au,-81.2,0,12,5.61
-59.82999999999997,162.58000000000644,bluff,nz,33.64,100,88,18.03
-24.750000000000114,164.47000000000742,noumea,nc,70.27,100,88,5.5
-23.930000000000128,-51.08999999999861,faxinal,br,87.8,25,0,4.38
-50.119999999998456,-149.7999999999999,mataura,pf,46.33,100,12,33.58
-82.91000000000142,162.84000000000657,bluff,nz,-36.38,0,0,2.59
44.58999999999969,-21.98000000000017,rabo de peixe,pt,67.57,100,92,16.69
44.48999999999969,-21.900000000000173,rabo de peixe,pt,67.48,100,92,16.46
-23.540000000000138,-85.56000000000088,marcona,pe,63.88,100,64,16.69
-22.88000000000015,-146.8599999999984,mataura,pf,71.53,100,92,13.78
-78.27000000000234,68.58000000000135,taolanaro,mg,-36.29,45,32,23.29
-84.90000000000101,-109.4700000000021,punta arenas,cl,-29,34,24,27.2
-76.39000000000271,-84.37000000000111,punta arenas,cl,-30.35,43,76,41.29
31.84999999999996,74.80000000000231,ajnala,in,80.6,88,40,2.71
-58.12999999999971,-87.58000000000048,punta arenas,cl,36.88,100,36,25.3
0.58,-172.7699999999963,saleaula,ws,82.87,100,88,16.13
40.60999999999977,40.65999999999977,rize,tr,52.27,96,76,1.48
30.02,-58.039999999999694,saint george,bm,80.53,99,64,10.42
-79.54000000000208,-168.34999999999405,vaini,to,-38.18,0,12,6.51
62.45000000000039,73.95000000000218,surgut,ru,47.14,64,0,8.75
-57.719999999999644,61.8900000000003,taolanaro,mg,31.48,100,80,9.98
40.819999999999766,64.93000000000077,nurota,uz,79.9,15,0,10.42
-78.38000000000231,-26.32000000000008,ushuaia,ar,-40.43,0,0,5.5
7.91,-113.0300000000014,san patricio,mx,76.12,100,92,15.79
2.67,-18.540000000000244,bonthe,sl,77.2,100,8,13.56
-83.23000000000135,65.65000000000089,taolanaro,mg,-70.04,0,0,20.15
-18.180000000000252,-168.76999999999424,alofi,nu,76.84,100,0,8.97
61.150000000000176,-85.74000000000085,attawapiskat,ca,41.74,85,0,10.54
-83.9400000000012,163.9300000000071,bluff,nz,-59.15,0,0,5.06
-23.710000000000136,-79.19000000000216,antofagasta,cl,60.73,100,0,22.28
60.190000000000026,-51.94999999999874,paamiut,gl,44.62,96,12,19.71
-24.92000000000011,37.80999999999983,inhambane,mz,70.99,100,92,18.25
-79.990000000002,-141.3999999999956,mataura,pf,-35.3,0,12,6.73
32.86999999999994,-169.59999999999468,kapaa,us,71.53,100,76,17.69
33.35999999999993,5.6000000000000005,tuggurt,dz,105.8,20,0,5.82
2.81,67.6200000000012,kudahuvadhoo,mv,77.65,100,92,12.1
-84.39000000000112,-46.5899999999979,ushuaia,ar,-39.62,0,0,21.5
30.11,122.42999999999952,shenjiamen,cn,80.35,99,32,12.77
-58.7499999999998,-20.12000000000021,cidreira,br,9.43,100,0,15.01
-48.989999999998275,-105.27000000000294,castro,cl,44.8,98,68,27.76
32.54999999999995,-20.250000000000206,ponta do sol,pt,71.35,100,88,12.21
-27.57000000000005,133.20999999999736,yulara,au,36.97,68,0,11.43
-56.839999999999506,14.57,hermanus,za,28.24,100,36,16.8
8.83,-75.05000000000297,san benito abad,co,95.38,54,0,3.6
-29.85,125.76999999999884,esperance,au,43.27,49,0,8.97
60.24000000000004,128.63999999999828,mokhsogollokh,ru,52.27,95,0,4.05
-17.200000000000273,32.82999999999994,mutoko,zw,56.5,86,0,6.96
-29.330000000000013,60.78000000000012,souillac,mu,63.25,100,88,15.46
-54.979999999999215,-169.59999999999468,vaini,to,43.09,90,92,26.19
-46.89999999999795,-166.24999999999295,avarua,ck,51.55,98,0,15.57
-59.139999999999866,43.55999999999971,east london,za,32.47,93,92,26.64
-81.58000000000168,30.179999999999996,port elizabeth,za,-69.23,0,0,23.73
4.96,125.59999999999889,sarangani,ph,83.95,100,0,11.54
-79.77000000000203,-17.87000000000026,ushuaia,ar,-38,0,0,17.13
-17.76000000000026,69.29000000000146,quatre cocos,mu,72.52,100,0,21.05
69.15000000000143,154.0700000000021,srednekolymsk,ru,56.5,74,0,11.77
44.099999999999696,40.68999999999977,psebay,ru,58.93,94,8,2.59
72.63000000000197,-179.08999999999952,mys shmidta,ru,30.76,99,12,11.21
-53.579999999998996,-55.16999999999925,ushuaia,ar,37.6,100,64,19.48
33.05999999999993,-83.73000000000124,macon,us,86,66,40,10.29
44.0199999999997,-28.920000000000023,lagoa,pt,69.28,97,0,11.21
-28.650000000000027,-17.480000000000267,jamestown,sh,62.53,100,80,21.16
64.5400000000007,90.41999999999992,turukhansk,ru,36.7,79,0,3.38
71.35000000000177,3.02,bud,no,47.95,97,92,10.2
-47.42999999999803,-106.06000000000277,castro,cl,46.42,95,92,23.62
-15.630000000000306,10.43,namibe,ao,66.4,97,0,14.45
1.02,126.61999999999868,ternate,id,82.33,100,64,11.1
-16.82000000000028,157.20000000000368,poum,nc,76.3,100,0,13
-84.10000000000117,131.73999999999768,hobart,au,-45.65,0,36,30.11
-47.32999999999802,-118.64000000000027,rikitea,pf,47.77,92,92,31.56
-20.6100000000002,-147.18999999999858,teahupoo,pf,76.3,100,56,15.01
7.18,-178.059999999999,vaitupu,wf,81.97,100,36,6.73
71.70000000000184,5.3,sorland,no,47.77,97,80,10.2
-15.49000000000031,36.52999999999986,cuamba,mz,51.1,90,64,3.94
74.60000000000228,-135.80999999999273,tuktoyaktuk,ca,32.65,96,92,35.59
-50.819999999998565,-89.61000000000007,castro,cl,41.2,100,36,29.77
6.34,90.76999999999984,sabang,id,82.42,100,76,22.84
-20.360000000000205,-136.8699999999933,rikitea,pf,75.58,100,76,22.17
-59.81999999999997,134.5999999999971,new norfolk,au,34.45,93,88,26.31
-22.89000000000015,-54.81999999999919,caarapo,br,85.48,34,48,12.66
69.43000000000147,133.5599999999973,verkhoyansk,ru,42.1,100,92,4.05
3.67,2.37,anloga,gh,78.73,100,64,15.57
38.379999999999825,-19.900000000000215,vila franca do campo,pt,67.48,100,12,13.78
31.87999999999996,-136.5099999999931,fortuna,us,68.29,100,100,16.24
66.29000000000099,-57.69999999999964,sisimiut,gl,36.25,83,80,6.4
67.0700000000011,68.82000000000139,aksarka,ru,52.9,47,44,2.71
30.03,163.15000000000674,sentyabrskiy,ru,78.73,100,32,8.63
2.68,-54.03999999999907,grand-santi,gf,81.88,73,68,2.93
41.409999999999755,70.1800000000016,angren,uz,48.58,76,0,1.14
33.009999999999934,65.53000000000087,deh rawud,af,68.2,43,32,2.59
-18.25000000000025,67.12000000000111,quatre cocos,mu,70.72,100,88,21.83
-54.8999999999992,-177.29999999999862,vaini,to,45.61,92,92,29.77
60.98000000000015,-140.9999999999954,haines junction,ca,32.74,95,0,0.92
1.94,-20.6300000000002,goderich,sl,77.2,100,36,14.67
71.33000000000177,-142.27999999999605,aklavik,ca,32.83,91,56,22.73
71.91000000000186,151.3600000000007,chokurdakh,ru,40.12,73,64,12.66
-56.56999999999947,130.29999999999797,portland,au,38.68,88,92,37.16
-55.10999999999923,91.33999999999973,busselton,au,29.68,100,80,40.4
-50.20999999999847,94.59999999999908,busselton,au,35.89,100,76,38.39
-84.01000000000118,-138.74999999999426,rikitea,pf,-4.97,63,8,22.28
-26.430000000000078,14.49,luderitz,na,60.55,100,0,12.21
32.35999999999995,100.24999999999795,yaan,cn,44.98,100,92,2.04
10.91,-107.91000000000241,coahuayana,mx,80.89,100,80,13.22
-84.90000000000101,35.469999999999885,port elizabeth,za,-65.09,0,0,22.06
32.629999999999946,155.890000000003,sentyabrskiy,ru,78.73,100,8,8.97
-28.280000000000037,-17.240000000000272,jamestown,sh,62.62,100,64,17.69
-47.71999999999808,-169.0899999999944,vaini,to,51.28,100,12,15.01
72.71000000000198,-79.43000000000211,clyde river,ca,42.8,81,75,3.36
42.71999999999973,-167.25999999999348,bethel,us,58.48,98,80,14.56
65.57000000000087,74.79000000000231,pangody,ru,42.19,68,0,2.93
-80.23000000000195,127.88999999999842,new norfolk,au,-62.93,0,0,28.77
-19.120000000000232,64.4900000000007,grand river south east,mu,72.61,100,68,22.5
-23.48000000000014,134.38999999999714,alice springs,au,35.6,69,0,2.24
-16.520000000000287,-105.04000000000298,puerto ayora,ec,70.72,100,76,18.59
-49.31999999999833,65.61000000000088,saint-philippe,re,39.76,91,92,31.23
3.11,31.659999999999965,adjumani,ug,73.78,62,80,3.71
-55.95999999999937,66.72000000000105,saint-philippe,re,33.1,99,64,29.21
-49.1399999999983,-54.35999999999912,necochea,ar,40.57,96,88,23.85
-80.4100000000019,103.78999999999726,albany,au,-76.7,0,0,8.75
-58.85999999999982,-172.9699999999964,vaini,to,38.95,92,92,21.83
43.399999999999714,-167.18999999999346,bethel,us,56.95,99,88,14.45
-76.26000000000273,32.899999999999935,port elizabeth,za,-100.46,0,0,2.93
-81.87000000000162,-142.85999999999635,mataura,pf,-35.39,0,8,9.98
-19.010000000000232,124.22999999999917,broome,au,56.59,30,0,9.64
67.27000000000113,-172.18999999999602,lavrentiya,ru,46.15,84,68,5.95
30.649999999999984,73.27000000000207,sahiwal,pk,84.13,87,8,2.93
-26.990000000000066,30.179999999999996,volksrust,za,27.88,72,0,3.49
-49.1499999999983,-75.4200000000029,coihaique,cl,41.2,100,92,14.23
-89.0000000000002,63.160000000000494,taolanaro,mg,-72.38,0,12,16.02
61.120000000000175,-119.08000000000018,high level,ca,71.62,51,0,3.38
4.1,-24.530000000000115,sao filipe,cv,79.09,100,48,12.21
-51.16999999999862,-168.8899999999943,vaini,to,46.96,94,0,17.13
70.2100000000016,40.73999999999977,ostrovnoy,ru,56.5,83,0,21.16
9.65,-46.5299999999979,cayenne,gf,79.9,100,88,12.21
6.84,41.16999999999976,ginir,et,74.5,53,88,10.2
35.769999999999875,30.129999999999995,kumluca,tr,82.87,92,0,7.96
43.47999999999971,-117.4600000000005,ontario,us,92.32,17,1,8.05
-48.07999999999814,127.57999999999849,esperance,au,49.57,94,0,19.15
-88.34000000000033,160.99000000000564,bluff,nz,-56.27,0,12,20.49
13.77,-166.59999999999314,kapaa,us,80.26,100,64,10.42
-81.15000000000177,-25.120000000000104,ushuaia,ar,-49.97,0,0,10.76
65.93000000000093,-167.58999999999367,nome,us,48.2,93,90,19.46
-15.810000000000302,-116.07000000000079,rikitea,pf,73.6,100,56,21.27
13.790000000000001,36.40999999999986,himora,et,74.05,80,64,6.62
33.53999999999992,96.74999999999866,tezu,in,28.33,79,0,2.04
-88.88000000000022,-177.50999999999874,vaini,to,-58.52,0,32,13.67
-58.50999999999976,-50.059999999998446,ushuaia,ar,31.66,91,64,22.28
2.22,66.04000000000094,kudahuvadhoo,mv,79.45,100,64,15.46
4.91,99.99999999999801,parit buntar,my,78.8,88,75,2.24
-47.02999999999797,6.61,cape town,za,39.94,100,68,24.29
7.9,-22.830000000000155,praia,cv,79.81,100,56,5.95
-78.61000000000226,122.62999999999948,new norfolk,au,-66.62,0,0,21.61
-89.5200000000001,-165.09999999999238,mataura,pf,-58.88,0,32,11.54
-17.39000000000027,99.34999999999815,palabuhanratu,id,74.68,100,0,11.1
-59.259999999999884,-23.630000000000138,chuy,uy,6.1,100,56,5.73
61.610000000000255,69.95000000000155,gornopravdinsk,ru,52.9,53,0,5.39
-46.719999999997924,-79.56000000000208,castro,cl,46.33,100,36,23.17
-87.65000000000046,-16.150000000000297,ushuaia,ar,-69.14,0,8,21.72
13.290000000000001,-54.43999999999913,bathsheba,bb,79.63,100,36,17.13
69.83000000000153,9.03,sorland,no,51.37,96,20,8.08
37.00999999999985,-56.07999999999939,louisbourg,ca,79.63,96,0,13.44
41.299999999999756,-144.08999999999696,sitka,us,62.8,100,64,13.67
-54.78999999999918,-172.7599999999963,vaini,to,44.62,89,88,26.75
-79.65000000000205,96.33999999999874,albany,au,-72.74,0,20,12.1
-19.910000000000217,-175.14999999999753,pangai,to,74.05,100,12,13.67
3.02,-171.08999999999543,saleaula,ws,83.86,98,8,12.66
42.11999999999974,39.14999999999981,besikduzu,tr,77.92,100,0,4.16
-20.000000000000213,-114.980000000001,rikitea,pf,72.7,100,24,19.04
-83.70000000000125,163.660000000007,bluff,nz,-59.15,0,0,5.06
69.44000000000148,-138.18999999999397,aklavik,ca,45.16,90,0,11.21
8.01,-115.4500000000009,san patricio,mx,75.67,100,92,13.67
38.21999999999983,-57.399999999999594,louisbourg,ca,76.93,100,68,18.03
39.4099999999998,-169.19999999999447,kapaa,us,64.87,100,68,12.55
39.91999999999979,130.4999999999979,khasan,ru,74.05,92,12,11.54
-83.91000000000122,31.109999999999978,port elizabeth,za,-64.19,0,0,22.06
-22.280000000000165,120.21999999999996,port hedland,au,48.85,66,0,2.59
34.369999999999905,128.34999999999835,hirado,jp,82.24,93,0,9.08
34.259999999999906,-112.02000000000159,camp verde,us,91.94,37,75,4.7
-85.68000000000086,0.54,hermanus,za,-75.35,0,0,19.04
67.55000000000118,90.24999999999994,svetlogorsk,ru,29.5,82,0,2.71
-27.97000000000004,35.429999999999886,xai-xai,mz,70.54,100,8,13.56
38.499999999999815,6.0200000000000005,constantine,dz,80.08,92,80,13
-21.48000000000018,-81.61000000000166,marcona,pe,62.53,100,0,22.28
38.44999999999982,11.55,trapani,it,78.82,99,0,8.08
-86.4500000000007,120.02,new norfolk,au,-67.61,0,20,21.61
36.49999999999986,125.5399999999989,seoul,kr,76.84,100,0,10.98
44.3799999999997,-84.67000000000107,cadillac,us,78.19,57,1,16.11
-53.66999999999901,133.5199999999973,portland,au,42.28,91,92,29.55
-50.59999999999853,-109.78000000000203,castro,cl,44.53,97,64,24.29
63.55000000000055,-87.39000000000053,attawapiskat,ca,45.25,88,8,19.6
34.14999999999991,162.29000000000627,severo-kurilsk,ru,76.75,97,68,12.1
66.94000000000108,43.16999999999972,kamenka,ru,59.83,74,0,16.58
-22.81000000000015,-178.90999999999946,vaini,to,69.64,100,0,6.73
-83.52000000000129,-138.4399999999941,rikitea,pf,-19.1,25,8,15.23
40.26999999999978,-148.6199999999993,kodiak,us,64.42,100,0,6.62
-23.660000000000135,6.92,henties bay,na,63.61,100,48,8.41
-45.489999999997735,38.61999999999982,east london,za,47.41,81,92,33.13
-47.8699999999981,-146.35999999999814,mataura,pf,47.5,100,68,25.52
35.07999999999989,9.14,subaytilah,tn,81.34,46,56,4.72
-22.19000000000017,160.3600000000053,poum,nc,71.08,100,88,6.4
-59.49999999999992,-116.39000000000073,rikitea,pf,37.6,92,88,23.29
63.75000000000058,-109.54000000000208,yellowknife,ca,70.63,37,24,10.2
-82.04000000000158,44.659999999999684,port alfred,za,-68.87,0,0,20.49
72.59000000000196,-114.0300000000012,yellowknife,ca,38.68,85,44,23.51
71.5200000000018,-45.68999999999777,ilulissat,gl,23.74,100,76,7.63
-57.479999999999606,71.66000000000182,saint-philippe,re,27.25,100,20,47.78
1.48,-146.30999999999813,atuona,pf,80.53,99,76,13.56
-18.480000000000246,-46.63999999999791,patos de minas,br,72.52,47,0,4.38
-76.4300000000027,-110.88000000000181,punta arenas,cl,-8.84,68,64,17.58
34.7799999999999,126.09999999999879,seoul,kr,77,94,0,3.36
65.1600000000008,99.84999999999803,tura,ru,36.7,69,0,9.42
1.6400000000000001,133.0799999999974,manokwari,id,82.33,100,64,9.53
69.80000000000153,-147.17999999999856,college,us,51.8,62,75,13.87
-45.72999999999777,-88.63000000000028,castro,cl,44.53,100,36,28.77
3.31,71.33000000000177,kudahuvadhoo,mv,78.64,100,80,14.79
12.67,-81.63000000000167,san andres,co,84.2,83,90,14.99
63.8100000000006,163.3000000000068,kamenskoye,ru,50.56,99,92,7.74
34.89999999999989,128.30999999999835,hirado,jp,80.6,83,0,4.7
-83.34000000000133,-51.18999999999862,ushuaia,ar,-68.6,0,12,2.59
9.540000000000001,-135.74999999999272,atuona,pf,79.99,100,92,8.19
-88.31000000000034,40.84999999999977,port alfred,za,-74.9,0,0,17.25
-29.160000000000018,37.37999999999984,richards bay,za,68.92,99,8,14.45
-46.77999999999793,-112.4100000000015,rikitea,pf,47.32,97,68,22.73
67.55000000000118,-78.12000000000236,clyde river,ca,35.62,86,12,16.46
36.769999999999854,-53.609999999999005,saint-pierre,pm,79.9,96,12,9.08
39.87999999999979,-136.57999999999313,fortuna,us,61.81,100,64,18.25
14.44,-45.18999999999768,cayenne,gf,76.84,100,92,15.57
-84.01000000000118,-24.260000000000122,ushuaia,ar,-52.4,0,0,24.63
2.27,126.5299999999987,bitung,id,82.06,100,36,16.24
-47.089999999997985,63.15000000000049,saint-philippe,re,43.54,89,92,31.79
74.25000000000223,164.73000000000752,bilibino,ru,35.89,85,100,23.06
44.84999999999968,14.950000000000001,senj,hr,77,57,0,2.24
-16.520000000000287,41.28999999999976,angoche,mz,77.29,100,0,13.22
7.71,39.4999999999998,robe,et,51.01,98,76,2.15
10.55,-77.52000000000248,ailigandi,pa,83.68,95,36,14.45
63.35000000000052,132.83999999999745,churapcha,ru,57.13,87,0,2.37
-56.689999999999486,151.26000000000064,hobart,au,32.47,100,20,21.05
-19.20000000000023,65.30000000000084,grand river south east,mu,72.34,100,68,23.17
74.51000000000226,-173.48999999999666,mys shmidta,ru,32.92,96,80,14.79
72.55000000000196,-110.45000000000189,yellowknife,ca,37.33,84,76,18.59
-49.429999999998344,-175.9299999999979,vaini,to,49.3,92,0,18.25
3.99,-149.29999999999964,hilo,us,80.08,100,92,6.51
-79.53000000000208,128.33999999999833,new norfolk,au,-62.93,0,0,29.33
44.059999999999704,-118.54000000000029,baker city,us,81.54,11,1,4.7
7.98,-55.559999999999306,nieuw amsterdam,sr,80.53,100,36,12.1
66.95000000000108,-179.6099999999998,egvekinot,ru,49.75,98,92,4.05
65.02000000000078,60.280000000000044,inta,ru,43.09,78,0,1.92
13.06,-172.49999999999616,kapaa,us,81.88,99,80,19.48
73.71000000000214,-105.4200000000029,yellowknife,ca,34.36,97,20,22.17
60.06000000000001,-115.37000000000091,hay river,ca,71.98,48,24,3.71
4.4,159.25000000000472,namatanai,pg,79.63,100,44,4.72
-24.95000000000011,11.65,walvis bay,na,63.16,99,0,12.1
-76.65000000000265,156.13000000000312,bluff,nz,-40.97,0,12,32.12
-88.18000000000036,38.979999999999805,port elizabeth,za,-74.36,0,0,17.47
-56.58999999999946,-137.30999999999352,rikitea,pf,38.05,100,92,14.45
10.99,73.26000000000207,kavaratti,in,83.41,95,88,27.76
-46.99999999999797,0.14,cape town,za,38.68,100,64,16.8
-49.219999999998315,-22.600000000000158,arraial do cabo,br,38.14,100,36,32.57
12.75,-82.59000000000148,corn island,ni,78.19,100,92,20.6
74.96000000000234,13.42,barentsburg,sj,44.26,99,80,21.61
44.46999999999969,-58.7499999999998,louisbourg,ca,59.2,96,92,2.59
-59.489999999999924,-167.2999999999935,avarua,ck,37.15,90,56,24.85
-23.150000000000148,126.15999999999877,yulara,au,46.6,45,0,6.06
-56.7999999999995,132.82999999999745,new norfolk,au,37.87,91,92,31.56
14.49,101.42999999999773,pak chong,th,74.86,90,92,4.16
-82.49000000000149,65.25000000000082,taolanaro,mg,-70.13,0,8,19.15
-88.62000000000027,39.199999999999804,port elizabeth,za,-70.58,0,12,18.03
4.24,60.920000000000144,victoria,sc,81.25,100,88,19.26
68.9500000000014,35.05999999999989,tumannyy,ru,73.87,38,0,7.4
-15.300000000000313,-108.4400000000023,puerto ayora,ec,72.43,100,76,18.59
-80.56000000000188,-169.69999999999473,vaini,to,-37.73,0,0,8.19
1.1500000000000001,-148.55999999999926,atuona,pf,80.8,100,0,14.12
65.86000000000092,93.70999999999927,baykit,ru,39.31,75,8,5.73
-89.4900000000001,103.69999999999727,albany,au,-59.33,0,24,7.52
-78.57000000000227,-45.96999999999781,ushuaia,ar,-26.93,39,68,11.1
40.60999999999977,-106.00000000000279,laramie,us,86.13,10,1,5.82
-26.110000000000085,164.12000000000722,noumea,nc,67.21,100,24,5.95
13.75,-22.46000000000016,praia,cv,77.65,100,64,9.98
-59.3799999999999,160.1400000000052,bluff,nz,32.11,100,76,23.85
-46.20999999999785,39.599999999999795,east london,za,47.23,83,92,33.58
-46.40999999999788,-143.08999999999645,mataura,pf,48.94,97,68,25.75
-16.120000000000296,-171.82999999999583,hihifo,to,79.36,100,0,15.01
-86.72000000000065,6.03,hermanus,za,-73.01,0,0,18.81
-29.700000000000006,-24.720000000000113,vila velha,br,61.18,100,44,21.83
-15.200000000000315,40.219999999999786,mocambique,mz,65.77,73,0,6.62
13.59,-114.04000000000119,cabo san lucas,mx,83.32,99,12,14.67
-16.390000000000292,92.55999999999949,bengkulu,id,74.77,100,44,17.47
-17.000000000000277,-55.85999999999935,barao de melgaco,br,89.17,34,0,2.59
-17.73000000000026,73.4700000000021,grand river south east,mu,72.7,100,64,21.61
-81.92000000000161,-24.310000000000123,ushuaia,ar,-46.37,0,0,19.6
-48.459999999998196,8.43,cape town,za,37.06,100,64,20.71
66.72000000000105,11.14,sandnessjoen,no,57.13,97,44,17.25
2.3000000000000003,4.05,yenagoa,ng,77.65,100,88,13.67
-56.49999999999945,131.78999999999766,new norfolk,au,39.31,90,92,33.58
41.849999999999746,123.91999999999922,fushun,cn,73.4,88,75,4.47
1.76,162.8700000000066,butaritari,ki,82.24,100,0,4.16
-21.640000000000178,101.73999999999766,carnarvon,au,74.41,100,88,7.18
-76.20000000000275,-146.2599999999981,mataura,pf,-24.95,71,8,5.06
-22.870000000000154,121.87999999999963,port hedland,au,51.82,51,0,6.06
-47.71999999999808,98.76999999999825,busselton,au,40.21,100,76,34.69
71.57000000000181,95.5899999999989,khatanga,ru,42.55,62,0,7.18
66.20000000000097,-137.98999999999387,mayo,ca,56.32,93,64,4.38
-47.14999999999799,-51.78999999999871,mar del plata,ar,48.13,100,92,32.91
63.480000000000544,96.98999999999862,baykit,ru,41.83,61,0,3.6
14.31,38.13999999999983,aksum,et,60.73,99,80,1.92
63.25000000000051,-26.050000000000082,olafsvik,is,49.75,97,92,17.02
38.53999999999982,125.78999999999886,seoul,kr,68.11,92,0,2.59
-46.16999999999784,-28.240000000000038,arraial do cabo,br,41.02,100,20,31.56
-49.219999999998315,62.76000000000043,saint-philippe,re,40.48,86,92,33.8
43.05999999999972,-140.94999999999538,sitka,us,59.83,100,56,7.4
3.24,129.71999999999807,ternate,id,84.22,100,92,9.53
-24.630000000000116,162.8800000000066,poya,nc,65.32,100,76,3.49
63.44000000000054,-55.24999999999926,maniitsoq,gl,41.11,96,88,13
-23.36000000000014,-49.82999999999841,jacarezinho,br,76.48,45,0,7.4
-20.430000000000206,-28.590000000000032,caravelas,br,72.61,100,24,8.41
